<?xml version="1.0" encoding="UTF-8"?>
<project-private xmlns="http://www.netbeans.org/ns/project-private/1">
    <editor-bookmarks xmlns="http://www.netbeans.org/ns/editor-bookmarks/2" lastBookmarkId="0"/>
    <open-files xmlns="http://www.netbeans.org/ns/projectui-open-files/2">
        <group>
            <file>file:/Users/Mari/Documents/Semestre%20I%202022/POO/Proyectos/1/ProyectoI/src/ProyectoI/obstaculo.java</file>
            <file>file:/Users/Mari/Documents/Semestre%20I%202022/POO/Proyectos/1/ProyectoI/src/ProyectoI/abeja.java</file>
            <file>file:/Users/Mari/Documents/Semestre%20I%202022/POO/Proyectos/1/ProyectoI/src/ProyectoI/amenaza.java</file>
            <file>file:/Users/Mari/Documents/Semestre%20I%202022/POO/Proyectos/1/ProyectoI/src/ProyectoI/ProcesosTablero.java</file>
            <file>file:/Users/Mari/Documents/Semestre%20I%202022/POO/Proyectos/1/ProyectoI/src/ProyectoI/abejaRecolectora.java</file>
            <file>file:/Users/Mari/Documents/Semestre%20I%202022/POO/Proyectos/1/ProyectoI/src/ProyectoI/serVivo.java</file>
            <file>file:/Users/Mari/Documents/Semestre%20I%202022/POO/Proyectos/1/ProyectoI/src/ProyectoI/recurso.java</file>
            <file>file:/Users/Mari/Documents/Semestre%20I%202022/POO/Proyectos/1/ProyectoI/src/ProyectoI/abejaDefensora.java</file>
        </group>
    </open-files>
</project-private>
